response_time,latency,error_rate
227.16800961899676,87.80434191361236,0.01584794996213887
249.1345491972757,104.02319311745678,0.014706552903837416
107.95628843341774,111.7338760295055,0.01904653174866555
171.31689965598818,94.16377462168911,0.004930520238537311
143.76789540810654,111.58582999202177,0.01897605677956161
246.78391965737305,101.35711021054807,0.011403182022450681
150.51975898707096,67.69736368188981,0.012100472452259207
154.6218168979201,82.989590915814,0.005412485894928682
231.64659088777555,117.90076628152231,0.013113556119501343
160.83733538318813,120.60566908063684,0.011962079835893836
178.01344708629125,114.84254982143784,0.01766183862339058
204.35235341190855,100.760069563364,0.015620563599930068
241.15852919809572,103.5288311055445,0.014879083596723545
883.0764538685601,493.5811822891502,0.13974551998461615
212.19003568855993,90.52321305858167,0.02109390116724067
159.15321645063818,108.5438872374337,0.011505536695958711
205.6758672625624,88.85016429984333,0.009049804824992527
252.2080438534536,105.74248330403648,0.004789777938784485
206.10049073226807,97.59237672092803,0.005524650788616976
193.49284728161578,124.72186350420876,0.008764871496270017
169.80074066420897,111.85053898402366,0.006547294738418703
213.83453996650096,132.6686306460219,0.006911740522828249
224.8999145622725,110.59385508713461,0.007563857179432238
202.4042473330691,108.39064887814055,0.009689044915003445
228.54452553465836,50.01188570252854,0.007279429989429037
231.69595111590056,118.81542375976431,0.007131991135515495
178.96773386173206,107.91607066874818,0.00927740664642241
894.7504286965158,439.60193740307705,0.09754582132808552
201.4372411467409,76.1272633648704,0.011749000122839538
165.40459650593777,131.97294341009433,0.0058136878447514985
127.59578292513379,118.38152965975537,0.005506079758384359
138.45678417830223,96.07300301830044,0.0011546204755544087
223.57341785679978,74.91421153661501,0.02492629501301705
130.8600134517832,100.42543153472123,0.010346721685181252
201.22550871294715,101.13299849794214,0.011738382417691682
202.9104359223,131.89010126449944,0.0022312061699196785
181.25895962252014,108.47198131186923,0.008985096813021714
209.09331275292476,90.67926996263516,0.0072522143204571
180.33305938363196,135.50621785219025,0.02346516831990248
248.77725635611796,89.29529576878863,0.011116194570645799
231.20599085260775,103.84098232980062,0.0006673002431969183
214.8060138532288,113.0464575682684,0.0098673937037547
241.27081744940148,110.77511984892739,0.014411665311617045
993.7882134258197,509.1752484448373,0.11822725444349444
231.48144209618061,68.88208707592746,0.01243936142435537
169.98915614206027,97.05995996743023,0.010923702894478622
259.7523314462421,126.20617492239217,0.009737977747112653
153.89173379111872,95.92652499646069,0.014840923302664306
197.22261505516906,84.93164259307633,0.006698394302632764
150.08229796306046,84.95687188818833,0.011711689172448107
200.92091895947758,124.42067391050706,0.015364890238830059
259.4196636724042,100.37699245889695,0.01239720759043032
197.02373219691,86.14189604408185,0.011232523892160024
126.07068771100792,90.22301156427451,0.0033069710013837565
128.76259068932717,86.94752041395218,0.011196234320555748
169.91466938853014,115.71600317301665,0.0038522520277379157
236.28833119493459,110.31878435408198,-0.0010965018637376749
176.82911535937689,112.85445519735087,0.01866257499742546
106.6367403704126,105.62382847938751,0.013923021439490119
174.1355774949814,100.87204892744907,0.01977078716875143
244.97999377166252,100.68166936518452,0.012129436030965179
251.54997612479755,113.96446627227179,0.00702169352978254
226.49020889576414,88.71504802685223,0.003538686524471907
392.63657453273606,93.50337232982756,0.013015937155411716
220.67174516118504,95.47042216196947,0.00457424736721101
145.94683362000512,98.40717217508569,0.009785883093442126
198.3623364892001,117.66219554294318,0.005372876869702063
214.29326953624525,56.9636919734139,0.009831937176481436
218.0697802754207,110.45670976071,0.01296778361140431
272.078431032895,103.69102606394074,0.013448539026225972
208.72889064159196,123.45458038518728,0.005914556844659047
156.93578993358682,74.06336104088307,0.006749880327965509
203.57831186096962,99.44970189898727,0.009930811269528814
136.02115166321494,90.50192686754951,0.008909770523038131
170.5317621527894,88.36638172102712,0.02012154811643426
168.8650240089703,132.56793246257075,0.012942766348853598
186.55556547225848,87.0807164175093,0.01935482587685891
209.84306179345617,100.53771677989062,0.010489915767354478
157.19580870455664,42.55475573436701,0.00040163421901171815
170.4214305582085,108.38038018732091,0.0117780667439283
263.57775474970794,117.05547350244439,0.018793102420975667
196.3994939209833,86.97163992771104,0.00901330789846337
223.10517371316354,97.40358600533148,0.020447693608473868
250.17664489460122,90.32228331891356,0.009243633581732441
216.2083176244221,85.28940114820466,0.020498608945832577
218.55729366856545,120.48125051622925,0.006081171672068017
942.5104961199289,481.3103841838015,0.10668352834489796
198.11826487875757,125.93989093122218,0.012993971947809551
252.682089830392,122.19399683912447,0.015152902928120287
239.5831346981468,107.86635678788744,0.006997882171306475
93.80521378450966,95.73114258139584,0.015970547015236862
247.75711602506192,110.73305505054572,0.013085029747883488
166.86881205270765,97.31965666654165,0.008853046279659861
175.73182260854483,111.89508683330573,-0.002811668293976553
222.95900396142184,78.64394156841614,0.0023221393839644713
281.4307772785646,126.03482578797596,0.012503328606906049
257.4636663142838,89.29343628092154,0.012316031460495615
173.51198981164805,104.48903637119945,0.006792592023885239
140.18966879596647,86.21624363820864,0.013226077929750285
278.97860728653563,87.76461818189429,0.015057315177041782
205.711382433102,80.01395535410178,0.006329131006107521
273.7678108474776,119.84084699073045,0.017555774651236738
148.93835914346434,83.80792960156708,0.019520682947865034
263.34555745933113,85.96016624386489,0.008124018098380315
117.25716640671153,113.86211214526288,0.008524550428810469
187.71284679570277,52.741351289163234,0.02213358243172761
216.8801331037601,96.59630754950143,0.0134102603285631
1038.8215261906716,625.7149216862573,0.07787412975176733
187.73059419985648,104.02198093429935,0.0171137406804997
209.3304561578179,122.53410273655166,0.0118436657365876
212.98612508607408,82.25015644395799,0.015621766799352513
181.85807197801705,103.89214910474486,0.017408317012312994
900.0539647696739,647.2670675750982,0.08079907409441073
213.35251329346295,143.4188543499563,0.01312754008415518
245.7701058851037,75.48468673995318,0.013625478934239986
186.5296582777721,143.14616426531006,0.0024106312665959527
188.82686073370746,95.11686729418703,0.007247315752542082
1058.4385456652747,657.8118057562185,0.11086958757340187
167.40819460989204,104.49369451503772,0.011126539610204707
217.85077429825236,87.01444909867986,0.010948530838051978
253.3337344794577,89.02550184518077,0.00793501088928283
268.43157787661744,95.81352645696268,0.013343708277962564
219.95680571760354,87.84356025811135,0.00996739342385271
153.65347642109586,75.1227352921743,0.0044427102153148405
209.32271573847137,95.50733700005951,0.017745100757475936
178.95077595898687,129.55060162110524,0.012360011354596372
313.5346428902198,97.04794827402662,0.00616671706108326
233.48362744150194,103.69360611729817,0.015485763558768479
216.72283949935124,85.6169336151516,0.012273704560705673
246.9141902987999,45.93535414001526,0.011934042603446014
218.8650246522426,124.53866447768615,0.011700256472844452
173.4501522499091,100.42623297343884,0.008977643895069392
137.6108409017575,124.95484145347467,0.004924529040860657
1785.2475412872654,385.2308610184333,0.10154961037037726
154.78416874477958,91.25083399353178,0.008329613845100298
246.56400595580993,107.86970770843499,0.016872190465854087
239.55159735215233,99.06158842241632,0.010299663151331642
237.94846102466337,148.79504812678545,0.007433932167642075
205.5461294854933,62.209185381089384,0.005403077042067883
198.20869804450243,99.51290815478035,0.013279503882648805
126.07390048162863,79.96759980210169,0.013107859449280255
167.3335383713144,111.04979908834295,0.00585751487609877
114.49158036716872,92.66351176370625,0.013945283436877596
233.10653372605233,72.60394040841845,0.008212772885947864
258.4647795222836,101.85689802282229,0.005366508455763446
195.2352233806524,126.08680485756305,0.01916278521739601
190.65641779193206,132.79929058742786,0.005907856670289993
139.9851796472112,68.14012532936661,0.008883988726825975
314.9449061809625,87.54701276531097,0.004705462064716998
229.75785127184568,112.18276241814354,0.006762290971824204
124.8428523440947,118.07869682172391,0.008457586057720902
140.43482513986757,87.5246207860839,0.011312806645009625
866.4440887062228,521.4713183170527,0.08307368045068529
112.06302567884428,136.52019427093873,0.01424551055371572
243.62286641400723,100.12844539621875,0.0024167872528960445
165.01372460037072,109.11775544163216,0.0023882040689105445
189.89036737830529,98.88461844684588,0.009996457027116771
137.44432118073485,119.71459991359725,0.011056418461397363
176.0412881077355,126.34788131268651,0.009725529996918569
234.09457448131556,87.75125250719124,0.007563985394025365
174.49918005726266,109.37548512150047,0.014066025933739887
288.5400317817755,103.80999359558133,0.0038373834261574546
234.8103182406709,85.43994117541732,0.020442213864349627
292.44780474726724,96.3420711779032,0.002070083438810209
180.6149220032008,82.17615549169426,0.01410172006306228
67.45150958034941,91.47284807588913,0.014292255583283326
240.64310594194802,104.67571823581495,0.006792565454778452
222.213165574302,78.64934171491454,0.009682377126923224
265.27394035771647,103.38721648072156,0.0076497892612024925
189.11593983863898,111.16653825043444,0.0037479613301514125
276.6369456501289,116.35532598400574,0.01202147377480849
255.97874557172884,94.46373400222159,0.011301402532914432
104.06143923504793,115.43397421296689,0.00196220067815513
1076.5977969481858,460.7528893939127,0.14823353351156843
167.67135578787367,95.02617747632905,0.008847996428971164
220.08558610494708,111.15620612703725,0.004644731601754755
124.03150170229932,100.97720140651408,0.003699176174137099
238.73170267146685,134.9915348637388,0.012788455303625624
204.80603884704917,86.91848633745153,0.020061352228503825
287.6135221711811,125.62032723470226,0.014984293867329041
276.15620386348286,107.99375903505283,0.009582810151048195
262.30425962488147,102.26540821075528,0.010191189974800141
209.1671002869176,97.1182488855677,0.00425602982420672
118.62287810584186,97.58103702784437,0.012860287208570721
224.62256320040746,84.96061336522362,0.008516962704651009
183.89692418971623,104.77578318053027,0.007455181871462506
149.87353176810956,82.03064036417925,0.01181815941312484
179.9389764057082,73.7632753529968,0.015962537562389877
232.51005889793305,91.27228218946863,0.01738467213059137
129.66694515758888,103.59163563879196,0.014511385868933236
197.7206991822251,111.21838895882478,0.006960623696620911
185.91076955697463,86.15158040252288,0.007573470823160658
200.6964645956473,102.4534063198959,-0.003178738695084388
142.85148510846884,83.06077303363344,0.014089448290125144
232.5695625652899,67.09202506086217,0.004989062721092637
206.01478158559493,70.42176862451743,0.012672528242402751
203.7902279096863,114.1621735337718,0.00014948091144082257
225.7523843153024,119.63530973983188,0.008356907621255077
143.72554763508117,117.680907927221,0.008725221032231511
204.58803882677512,112.27035945460833,0.006135611660881954
185.41531251033615,115.20829312288595,0.01979173727110297
202.3699335658207,118.65181663746179,0.008152365355833207
184.5226780343005,108.56614194415297,-0.001234446669923027
178.37209060901895,119.10610417141021,0.011197022502676885
277.52502464070386,93.81581845900273,0.008324311094142741
186.50625323533143,80.03229121623417,0.008605185348340958
220.63904634682493,107.2992200493245,0.00708620671194209
177.67831927247357,78.18067139569604,0.011968986491081258
226.94550218423294,86.97286212416341,0.0027517739015073496
177.7248739299614,85.15058828603904,0.019812935952653973
267.8120014285412,103.95821566925295,0.010447903406276245
265.3571377141214,99.25555526980317,0.00795358780943448
123.84065476081126,127.91367621579911,0.01852052758127746
173.85699864233658,99.25926405903176,0.016707379577654405
202.9609217007244,80.93342783482575,0.012673145430612176
155.1372814257084,96.95060327238912,0.013953127995813844
164.3577108661418,96.39040172818748,0.00552326838818488
220.2490855480478,127.28280859947688,0.0017840559442291633
237.31267830136102,94.99906970802094,0.005834719714996207
95.9035296058139,79.86914869440717,0.01448533098443566
205.8663691654391,75.8071796261759,0.012362031389401886
251.45778186628218,76.41920417680396,0.018499786872881903
818.0633166036332,525.2240396426678,0.10211507582542961
111.8479922318633,111.45165562712317,0.009743031382057569
191.64409598415727,125.31415681729402,0.012865639066206
232.38442690503462,74.96921151619112,0.015865623187933206
76.41777499363553,130.8421990513575,0.007485126147243285
215.54537827990023,86.63819092713902,0.009362254398112328
209.55495340099517,120.01164636085957,0.009522678764554635
156.9793317358024,71.63268534133937,0.009342637021641662
176.44808471908385,101.6365871709513,0.01808606287484312
1101.653727934918,532.4057028221561,0.08096163079955529
152.22297796997873,116.31474425078594,0.005214245425524786
89.44323454960575,121.77497239408372,0.013607812525630718
147.114453552205,99.0457728771604,0.009470258228479321
292.6139092254469,108.50915123569929,0.012483496116182609
210.82292947909875,127.84004572689199,0.01009808328846995
1136.2719020885895,575.792184992362,0.07886884714479495
210.7046872065102,96.99888825934947,0.01311103572021701
166.14191442439443,119.13404633589168,0.014462986691496546
276.15149282040124,128.8752920814652,0.01184821096099047
131.11653160214544,132.8403032027274,0.0040529405356633606
171.16143347158336,88.38953100390555,0.015088307334217513
201.48780697478725,120.02092185134282,0.01664466659767705
263.88324478942127,133.45144773675406,0.017420580142679824
196.27770421169163,92.58771335827788,0.014687850688132793
140.83707436671125,113.55851742678539,0.008530165261679089
185.04963247670662,102.40062653436523,0.014737632310614288
159.5753198553406,90.33627075401252,0.014765625226880434
192.41074524822082,133.55401628152882,0.002880214237749275
273.8947022370758,107.98446245210559,0.006866413877050174
573.8867040385599,453.3504620771802,0.11204236640784968
116.95195332420043,134.2122674516385,0.013062343970068013
269.10794955187635,103.19712783994801,0.009842804148126117
194.2730077373691,72.66242603169158,0.013252250462680696
304.619363784273,93.67183100610396,0.009093879133909485
237.56935616858945,108.89205336440281,0.003367639358444585
230.39482548582697,120.65092408683314,0.01241033363667693
206.64848370734381,93.83931431628517,0.009755514082629473
188.29315215254098,122.34591663176255,0.012238584629051388
151.0813611192484,99.51608787218167,0.012315923976337923
188.95152002333884,118.55680256162475,0.017668638549582498
213.05276360899447,68.47215686031501,0.005590626743861411
281.62056519658177,86.53018751512263,0.005945712443948309
185.5670680539931,99.81762006711593,0.007896191031594734
232.92721363364151,95.7773952234461,0.0074178517805621414
201.41591880652305,103.79163233197487,0.013110349951530244
158.0139078909612,130.61501664687395,0.001370966356047016
276.4775159730307,122.9727469885743,0.005368094350092308
170.0303677277989,124.37523703394633,0.006612176738321724
199.60136793416913,113.25762537334825,0.0007690606888095305
257.14114072575103,90.64597597376218,0.013177090151046133
218.43366544364505,87.07545380312393,0.010919172581612522
136.95580228324775,102.50449005295815,0.009120727977839645
228.52993342965797,100.29376389458395,0.009782615250930687
227.12800217929822,108.9541712003463,0.010714715473818534
155.80712818994334,78.07449826209597,0.013352403086206064
267.78189294024753,83.4623929192028,0.006938816327461249
217.85562857558733,66.62831852244821,0.0031019091760553473
230.52928726419117,93.93640434331449,0.013659353521441478
157.50778152676043,89.34598320676177,0.009772943910338809
234.07503486863123,110.0218833987969,0.0034389040328429692
242.6216667398112,80.6331109027273,0.0026623736712377997
189.59388748213624,92.41744518025025,0.0020093782405812624
256.77828200902997,145.81885145181485,0.00918603546963853
207.5150880730939,89.90450157543565,0.010409977782067802
158.63845282238384,109.49396465759905,0.010994740733982473
147.0393239055524,86.86211442057208,0.008039936800404351
146.1127611035347,98.033207464105,0.015571608473344361
890.3462410149846,495.4487754698758,0.12411989033093633
123.72374145376305,94.82407874665795,0.0070556658663065205
198.02224230716726,119.5039525956486,0.015408833638364143
295.47083202350655,134.04429889270477,0.01088410436069699
194.38359751545852,87.12963539239715,0.006853683031536056
194.56199257715713,127.80415098034626,0.01617891095911077
173.47494261947364,130.56936852825064,0.004417377800256705
174.89728878236946,105.60322317639213,0.008500809018625597
252.92122434247938,87.88768920526272,0.013477688787828887
238.37173645764545,109.13506438307567,0.004366162655450974
164.2824290986816,79.20188145748938,0.005903710701392511
143.5146572671191,151.16398571336504,0.016907270393452432
219.20327244696537,109.19944285878233,0.013494142101012675
119.67768398712137,117.2094697671949,0.011718939407749427
187.55179257604632,72.56197714137286,0.012288864330759429
196.2783285449977,107.34574626802682,0.010476720997206541
212.16697246613458,94.09039363941679,0.007304386484255108
248.75598667088755,84.28021078984101,0.003944140353596094
211.7807279054283,137.69172611869217,0.008845668130776155
222.00072250266663,99.47188486082146,0.00878308010312491
149.5956844541298,112.61623369109554,0.01018968917723801
251.87699721289496,87.95575879276439,0.0037174655286037186
231.9296229388687,114.44762715655543,0.012823029629468002
179.23560430495994,64.63121268874298,0.018596889531036484
287.7397090992182,126.3519507121592,-0.0010278302854953465
174.30665413316532,124.00827815888852,0.013467394559569969
225.20232577589223,114.37906621330134,0.0031702214439973285
164.2348145370016,80.22817785698166,0.01357690657720622
242.88298116010097,96.50080486609183,0.0027441215497422053
173.01201598453193,119.9662179629592,0.007784779894357588
247.70008817466012,72.20855066472808,0.010204595876978606
100.62155426995535,79.5441486960319,0.012035261435622675
226.09707828084487,118.32655349404963,0.008360526417435411
237.3646802561631,60.12528714857089,0.01359878971074091
202.78624561443473,85.30816846403901,0.020282717824147707
187.62406822242477,116.1611559656229,0.0021759861431897235
170.38030378805655,115.06683242209066,0.003502093815362012
212.24832855543613,99.87858176920213,0.019882202922577426
128.8873145201163,105.65159900976599,0.006207523326499653
195.16434440648038,97.63862946017842,0.004311571647875917
223.67962153175907,141.53495967121682,0.012527350795833135
129.57693518182202,92.93667414378623,0.004051666704548194
254.9388425993595,101.52010782824823,0.013022576631776833
132.59072889471435,92.16483701912357,0.010419133139646805
254.70957592354742,83.79495125971238,0.004345557823370422
224.83570765056163,95.1752788428734,0.013484772022553678
234.0976485647482,97.775478773026,0.007816401319797023
135.97853237518586,103.36921952539228,0.006976276677308936
189.84773069785035,124.16732461186285,0.00882796099841839
131.03403859927363,95.50288036383843,0.00911612918442109
196.69601006763418,134.5392770246681,0.00988223924562881
215.5625077271768,77.93583268556634,0.003369761569589809
177.4967264260378,88.4697919854656,0.019978337448919824
196.1449145292948,112.77460444058369,0.010443287954807187
309.5227812904989,90.12486833677374,0.010919247723768474
258.97200603606433,118.99108270882647,0.005847777967217174
303.03739624409934,96.54107880153154,0.012197506153101133
258.38910308299035,83.63602233155386,0.009664108549753223
263.92259313036493,118.38308347220003,0.004979727015789949
204.85387746740201,133.67855382915738,0.014002047626138412
171.79606846316358,99.71095458243441,0.009204773947999744
157.1421221791859,108.4384150847057,0.013006033744645575
150.92456744760244,96.29424682244583,0.005824285491849885
232.43549437948212,79.44649718148084,0.005757856829045927
167.7440122697438,108.48331892803833,0.015668850484335323
175.34995326705837,95.92839279795277,0.012310863330409715
203.42814874030137,93.01484591363142,0.005132269001477657
158.55024945389638,106.61760464428914,0.019021740548933717
232.2687974792574,129.42340654987217,0.009972019905854768
257.9055436750034,146.3865907996339,0.017098015022568185
212.99413971242117,114.65280154431159,0.0058879003380889975
248.57854754771776,67.72877204246518,0.018372462166737685
216.9248203747207,102.81772493822407,0.006970695896205533
277.496720250877,108.60083294382139,0.023798300194555387
196.8660451363414,79.0617803463612,0.01529968192023311
248.16880646221608,103.00837810287153,0.011326811746998143
169.96806550405975,68.32194353028554,0.015504798174992855
248.6277224813365,112.30734968026107,0.007305790719036309
137.7130610644006,102.51152906943085,0.004305834411096154
247.5211919093025,92.23646362917543,0.007012449026541792
168.13064363467413,85.83186466179075,0.007670972154409186
162.31319178212553,121.01308792015224,0.014631077011207961
230.30049756728198,94.09197179721941,0.009077373211720752
211.37299673020647,98.56797481171873,0.006526434344554709
217.0575987408322,77.13990174539033,0.010986578537027978
278.9606407753696,106.85450692755408,0.0021456192396575036
163.71280934232672,138.7785799811657,0.006076190459361483
353.9440404227619,95.57492752828456,0.007932674194383621
278.23218279070034,142.8454071722373,0.010973680973593875
184.61108825234996,97.31382517058904,0.009416170421023768
209.82773882557873,67.96068376205663,0.0030034691259902928
166.9106767615806,111.00104198049104,0.0038044646217304957
239.09114358886552,98.38566839782835,0.015605153336622359
213.57894185976866,101.40104326226363,0.009803463561861844
307.19720446626627,80.20743726859325,0.008229796445294882
315.73292833367543,115.17857179573531,0.02206307710806458
164.99395925304134,115.59321064538679,0.0029740507659821247
246.30887737658207,106.17666025197927,0.0063913122333137335
146.88481431369476,93.56729897565235,0.012381788846781096
1028.2514280174926,599.6570510579447,0.13032788110507146
231.0904981108598,81.29122595910809,0.00495722657961896
235.7000247046046,119.28174336576714,0.003896437870429207
208.56841405949854,59.16530263151419,0.008041757162891044
216.3066511121059,96.25711469990902,0.006966498526173516
212.8775195361382,110.87200309188864,0.013296228342162025
241.51679082721228,76.60166328579425,0.01012694210271205
158.03912383886808,117.90386440055465,-0.000678371069893477
231.14249661737495,48.179154157101806,0.025549592780026803
96.62789499800617,140.26774495053246,0.012460094239963996
209.2418061847437,137.9976386979043,0.014451237504182545
1344.9393299522217,200.88640290992765,0.07516478849036752
172.78086377374086,91.07633133570441,0.020370413348749866
237.87538550236525,105.37184557726513,0.0014632102120352656
171.15540652384257,125.25168206854364,0.001967114496306604
116.923996886552,92.54333695816466,0.004901678306539422
224.05046158683567,68.74908286226915,0.008851001847124031
229.6550628984192,78.75212943706241,0.014242154411026425
172.05390763642058,88.75663946843396,0.016234458577673597
220.6465727137812,77.93266787652253,0.007964818435366098
180.74588597918418,118.49267365825537,0.01630960750356996
156.8004615160092,107.62316769765556,0.014148662089395872
225.04585938121903,133.39809008702812,0.012757381376197616
253.6815874929886,77.88590663028128,0.008605583029246218
133.23278206449493,93.01366407763605,0.00848977250255068
187.371592430342,94.10100643415944,0.017902703432841865
244.48153978117185,96.48228375135326,0.014426157414944955
210.5508733601309,126.34230134679731,0.013257609956697529
173.7739866860113,87.12900335365076,0.009734396734912273
149.7929616623966,69.90559251937995,0.012814404300871773
204.9666152714613,76.0823387592963,0.01195347960464072
153.00601068363224,80.56771922978697,0.005686121179784397
154.59879622393944,99.19684098711313,0.009159280907076052
255.16509410082608,99.54263875402236,0.013341702443590404
210.17318179336115,88.33845122862124,0.009756738242147744
106.46040394870721,79.51626351341591,0.013416644964055348
235.8771127897981,87.88570153993324,0.008214853995966952
200.62962003908973,93.89550591290664,0.011598259129594887
174.08648908631764,112.94391879405482,0.014311967361913794
190.71705116680914,103.95199209384799,0.011427770374288285
135.5019550129473,83.44819558702561,0.0037714131177680778
258.158187607748,112.67553761864197,0.008400762383725781
102.39561002387491,132.78233610888134,0.017667168506481628
225.96732571205862,99.49946082509712,0.012183692758667548
199.04918960486555,110.73019687140807,0.003738032777934405
194.64848200227212,71.56378666516312,0.008153614303768984
203.49010424950094,119.27758233589819,0.020118031096148195
212.0981135783017,103.9304233940294,0.013190255507203786
146.45537509694438,132.27422538117293,0.0027807259193322912
204.8838049274416,87.80975595681434,0.007479100844961643
173.45656135398397,104.66432262527003,0.0067511738657586645
206.46105909876138,94.37344885763574,0.011639397620796786
119.36420644051742,98.74813744200955,0.008685545853958662
216.34636868820814,95.47031802300336,0.006070069836825088
872.538450594241,428.11676123912696,0.06175490049160447
144.6737045629165,84.01615986699493,0.01194807088685452
160.15523722647617,140.12185776318245,0.011317436076655299
231.63909330531425,106.46335428369562,0.01996257676584059
178.655946502629,101.23359699695943,0.005406567442569528
200.65009459389535,106.05270930478066,0.013078855748855709
205.32151138459483,163.86215135689721,0.007959495804198897
181.42795670021042,86.63711828922013,0.009748976914791277
212.4110293150168,68.10593865466409,0.01429793943489901
163.45349800290404,86.9999483835308,0.002256908505681267
291.5729382927177,123.81292549572683,0.005958671391795368
158.96588408241448,109.91363775945209,0.00948389123533752
288.27271201405483,104.47828268129322,0.009483726199254763
149.39478123699163,108.57633000661146,0.007913165931974579
292.3353662868017,107.23007050412204,0.008240393410917455
254.57534259612308,122.9689141839351,0.00882689715021293
161.63262185559753,60.490668672922574,0.004570874355574073
123.29429146321888,102.39160736828306,0.01115035379595701
69.01274479551279,134.55086340201422,0.009906456217770513
323.1621056242643,65.20572442443802,0.005300484494455677
177.78533699619442,115.32160556769381,0.013951859480258556
1096.775330237608,535.845361820962,0.087828205535206
155.0792664325821,103.2114796209973,0.018694498318987895
191.93571441669954,88.9938969230916,0.0005319266652310719
190.38195176094388,92.75118117193736,0.014147374209658743
205.78373171464293,81.33464081853609,0.006913734067265384
109.75589496677405,112.96560867687718,0.012571273780089175
148.2378838790313,130.02667303910974,0.010716942336711256
225.72194170293744,103.66719839558311,0.014438277129369181
164.89734530613237,121.57361666862592,0.015944566857373214
172.2400236653401,119.29703266194915,0.001480642065866405
225.66337165566782,120.94196605224309,0.012159612723369703
158.72514016037442,63.27589253793407,0.01007136533918217
922.9956376574273,336.05158374745656,0.07739592550652152
148.674235029447,95.70157939422529,0.014225789855921607
90.0597021689959,88.15071481694211,0.008630034590853479
293.8397906279033,107.34731013632356,0.005872947350105224
216.6831052643474,90.85807486827457,0.01721816001734407
197.22076645447726,85.05576641704353,0.012736323986889835
180.3945923433921,96.54745400118361,0.011757241037707915
176.71351232148714,126.58305060264863,0.02115650073096316
114.34327354545613,48.9215773019609,0.012091991104443419
139.44919001187716,92.00727628770795,0.009128228710485822
184.94481522053556,86.36031504004403,0.008284038622512948
194.21758588058796,95.05645234958806,0.011345634706225537
231.417275463214,93.81767071594997,0.01503756844918461
294.8396491326974,98.8476240593283,0.00932860418906848
190.4830660958196,111.72728037510187,0.0049802131395925075
174.11943504819143,78.19201845114307,0.0087191012375231
151.06181421088462,106.03583799638932,0.008601199157520828
224.66589504404448,113.45147402405462,0.004540330498023435
129.23146289747928,87.48874596980941,0.006624108625128093
151.7538269709948,86.61854522680167,0.004541495619303428
186.7671583381022,98.71723306814015,0.009302768621595002
134.77652497475734,92.69356897375782,-0.0007667145993562226
277.55759877612616,99.45390920980137,0.014194702502348062
191.15263862529753,97.3748606581539,0.008970702845598299
175.52802787408888,119.0627326782649,0.003983995723054278
236.08360320216175,109.6946563458895,0.011860527363034315
272.67670385786585,84.91448299961284,0.01601942218584408
176.54121739476477,70.30204063100193,0.012612570526328788
210.95751638319695,116.21616546319564,0.006822210792977983
136.16257120898453,123.23756605216381,0.009327516077991337
893.7571410784803,446.4664912983777,0.08350971676944653
138.89360955540275,93.30449335786918,0.015482346169054419
173.71224891596194,129.81452273699904,0.005094172344301592
856.4162218504796,458.3805595114746,0.1186438312852077
132.41576971918332,109.78374260295327,0.017596419618208844
164.61652671906097,86.74198164898104,0.00841142451621883
250.31464046072202,69.4868737085981,0.007816178813808913
192.64713092489308,73.37534092884444,0.013653820595332622
171.88562353795137,128.80234430898946,0.007286631001329891
149.6991309250149,124.26195399958367,0.00675313480839287
157.08211099093933,97.34732507234853,0.010859196698967656
234.31300951872566,102.08402207903752,0.009903698101328027
336.00845832948096,106.5752482060696,0.007749053675742942
1091.5373172107104,595.5300558237752,0.10577447325650047
203.3764102343962,116.81287097977449,0.004636284871300967
199.0743432003805,100.56362314738257,0.014434436950486502
187.25113912895725,105.97505816731372,0.005020923026048855
124.2127942501384,102.93586023971099,0.005978421201700038
158.88898022167842,107.77157209061929,0.010529472265576172
98.03839111199497,90.24177183708595,0.009642003740709667
192.216138230396,88.97628567342933,0.005840888958847776
161.6101217447936,115.20111927379205,0.005600928232489729
252.69010260174514,73.53820413185004,0.01562717392207385
115.37676851425903,104.01138394461886,0.012368160384057272
183.61689267011158,99.22983060998585,0.01354151923600532
219.72260711891485,101.76813772583695,0.01249842555151467
218.0818012523817,93.5930538361136,0.009025458598236596
294.1012248237517,105.87115864333259,0.011837408327371523
306.65166873281333,83.92650864060539,-0.001059309556647535
208.3226104106528,104.26393256475379,-0.002647800388471516
275.1178526048014,114.84190744018613,0.014451915817598932
211.6126848580502,97.20820743689653,0.008481369856116677
241.09512521876118,108.72647339348065,0.008057407734555572
209.79226275488406,108.07460180673219,0.011482877725703809
218.32991230484242,73.05747420940607,0.0076058127199579795
157.66031409657975,111.94800139699716,0.007733757954884933
128.20689244102803,106.19641420454055,0.009620244881787386
98.74287066711965,80.35025212923381,0.010509281476309933
145.92259981928026,132.14691152039984,0.005378834278658478
141.5660981190234,123.21653574757039,-1.9311822033766732e-05
195.04120681103086,97.80780392148338,0.004161102243660325
188.05259765667952,95.8195348542795,0.004387275968777931
272.66922385588504,73.59954977558588,0.010018478359239236
176.11712766174418,135.4450319333949,0.006551361129679131
150.4731837434656,68.86836202680499,0.01900255590755427
198.26441151473784,74.10637048558189,0.008677425793446946
268.34371337222626,83.21580665321987,0.012508913680837725
230.7967803472132,109.04743592499467,0.010290113674041977
184.53938120743928,112.70343603363939,0.02568874266829997
289.7938836547761,117.93678631731063,0.006842111354173343
212.46918418553776,115.86977441104426,0.018694256759266656
161.3495108072267,96.26057394029108,0.009592386634491771
177.9977756651508,83.29305893480486,0.008829900704465094
176.96806145201063,135.95373053699046,0.011885501969510933
189.32764241440765,106.43395612392027,0.014608250559622296
219.26586898644183,100.31158095162935,0.0096211785673227
1057.4657808806019,336.95267562848596,0.09689481902350502
198.26575563066095,101.64879505869007,0.019935305558497207
212.80148671569378,90.70765405403213,0.010953177956325121
148.7806179332855,117.89848753888883,0.015700745192606332
195.54399802436058,102.73070662165475,0.007369825786662098
161.10916562045622,121.60096131429297,0.004440164871129182
198.95492030179258,124.55337984946584,0.005217818115909956
212.18436057459562,149.8599903486558,0.012922064902362421
832.2828403105539,482.44360545007845,0.1070500993671376
214.8492336616593,106.92976951795985,0.010775953419294895
229.34285469001352,119.9253363889428,-0.005097560779104126
241.6961077274452,78.92635161707292,0.012346337949042632
216.20419846973977,127.98710873172004,0.0011348376589655935
192.00307350182865,84.88509681014311,0.009939555260769728
218.86059375322606,95.81556252510944,0.009689979953169841
119.62583827193862,114.5525908727396,0.0073795580103270374
186.2474151424178,110.76592158099265,0.009220509110316662
261.8908155986731,95.50469196214632,0.00248459849120091
174.43921617844074,99.28717035405033,0.012413439436046064
204.8497982496359,121.82620241188538,0.008208299239893888
129.38481493323542,71.38449795763904,0.007639547111514364
155.26963488902481,126.29828907168095,0.017817066794160542
221.4809109566293,97.91101562925057,0.004916584357117514
262.78780627867604,132.24556515977292,0.008242928821431338
192.88102574893531,107.83608010805094,0.009084016906398061
180.77222278850874,64.78382376038448,0.014130235857207532
160.4762772277344,115.88529359243654,0.010876057094542561
133.59069755507846,95.58071652340672,0.015428931624696735
241.35916245180118,77.07309213962624,0.008419635719864751
183.27493820795257,108.80949475920798,0.017449317193010412
178.99065914520713,91.4139555096548,0.00628757883730808
275.1996494291344,84.96417899809632,0.013255681209118285
152.53005555840286,108.19637313857025,0.006710827230739315
172.38884778595144,68.37618595935733,0.004346923325312369
214.65362366493406,122.16365633475033,0.0032706453826339254
229.41586032422882,88.9282351658401,0.008666738353827926
243.480296005283,82.44034826486877,0.008343458084083386
182.42432579793456,137.08185132668376,0.008953430902103193
201.3045525105417,73.08040639506503,0.0067395555570346965
215.7123666297637,136.0188086582163,0.00689576200874442
171.6851135198614,91.43769678068175,0.016194731764697188
159.08896583832637,78.15374470654842,0.013720959857499684
175.78829635668743,100.81183382407765,0.0069181929598026125
198.79374564449984,132.4935691693912,0.010016877532985805
1081.7214615403536,568.5507738790204,0.1244616613419065
177.67425239664894,94.04872993280016,0.0116337238230116
215.07736711668062,77.60660210747713,0.009030869306135983
205.46973973024464,101.33981434449744,0.010429465031466653
161.31054004482135,118.27169252466499,0.024745472126543627
231.28336738825033,106.42714430900546,0.010002639794282987
171.9909479901515,116.6705792321785,0.009045481041363507
235.01549397044957,80.50941390658717,0.012766256099923918
172.7540456595525,57.56290201982811,0.00899254233026241
237.16320470113575,81.55179631002994,0.01705229572601752
235.6499215086194,91.92703073516006,0.006871613562518938
962.5341963187251,598.5449685615218,0.10399620867437427
151.12223776007244,107.89343059645962,0.011702946082002483
450.49903145495307,587.6046792529794,0.06690225127543409
164.00778958026456,94.3779941422809,0.00815194831978183
308.16273616527303,105.20643677542441,0.0072522986270223255
223.69164604558938,78.93168873652688,0.014371945903563638
172.22614404198725,98.78678372370759,0.017865098626074282
159.2094857517281,123.7406061112076,0.01618065360903109
149.35844398327882,86.4721539588146,0.006061081240458806
197.48809452754315,75.51403527421269,0.017689659592062763
217.18091447842306,88.57642020434406,0.01563025125386084
1091.677340710297,574.5005312877281,0.09862731907829063
135.9847800664553,110.925684960074,0.011478122443735476
237.7695612912878,111.7715680884122,0.01135747655412824
779.027441387496,443.0167071761241,0.10933341963932162
193.60412042596167,106.14813395618202,0.005181205368946945
138.10922505865756,151.59418675308638,0.016864242373382653
181.81938938930722,116.81240053009105,0.012286402023076206
211.18939758194492,128.21864759492541,0.008792512770646107
254.4475298483683,94.38649846266452,0.01273559557587605
142.45032112888487,90.95387361501847,-0.0026514376137316484
1243.5918304611116,348.2826303328321,0.08102166958350326
130.99492708925544,131.23022393453707,0.010248868435904801
1166.6667823560615,457.5763666601956,0.11554814705529023
234.5071995855556,100.20705239686761,0.013401080527252248
233.97988744673378,77.92821365568457,0.013590928628539672
102.01649380601123,117.54724581151342,0.012338465858827165
938.4383057722232,684.8608833296412,0.09482291199260337
307.65912287557785,101.2894882962024,0.004563770305685987
171.209087967766,110.15671512579247,0.016179058100034692
822.6638155433086,566.8654804757907,0.08859297267172639
168.84297367876178,138.02381371506016,0.01877737849157745
122.16854132380482,106.76967686923382,0.0068782730514338804
233.7409746083302,102.30052158294835,0.012316442650590531
208.6590462925591,96.5385635143226,0.015195558937101342
271.0252123994927,63.9372064748811,0.009630262171958037
169.36056547578067,94.62938704188335,0.011265826190189907
228.14846183452855,152.0336622836079,0.008641724448369734
1245.7961004978124,629.5871781863015,0.10540114716782845
132.77747444828614,71.87365072656333,0.016154372565773675
257.1877021603465,77.60765133421978,0.013464593115158055
1106.963467269182,509.80675395389443,0.06358793398902966
257.9297789503702,117.40135461377508,0.011952324249644448
232.27420905705378,105.77387258559715,0.01457695137780081
165.99876392107547,141.76749409561455,0.006709417554623717
174.1977635891313,113.55750639061816,0.015454902125929836
1043.0793010912575,480.94968940021886,0.09575582060197697
331.61910324186954,95.17484690762915,0.014272626135333078
198.67430622753915,43.02914758739849,0.006186376107168929
203.21400095477313,66.1408637160923,0.004095935923455776
235.54799841017456,141.2504983848629,0.005999807178011768
159.88613653891906,105.21347531647814,0.008460192351804799
287.7670421221602,134.23416960284686,0.013894682517560571
203.37592407050545,82.30394571946198,0.0044992288351415255
153.8383376944548,107.01260198547118,0.005461219099265398
177.0319550229878,110.27200213139433,0.008064346751052427
208.88505004666268,95.53068035256295,0.013395713877190978
182.86562029598255,118.38457869150407,0.008501616759966066
237.5966516343387,106.93007763461432,0.0038037080257326376
230.5838144420434,87.06126444588853,0.006731168306755901
217.3224104748488,42.07489243612621,0.0056643489214454985
202.3490296882371,115.18310320605293,0.011251001031258473
146.49576168369236,92.59977940235744,0.004513487361835779
225.68929754561043,145.04871610688616,0.013191959628041915
209.90423803839275,106.46158546232058,0.011639105864215427
219.12048730920253,113.42680152900931,0.012790697572592533
328.00422691343977,56.546609079719275,0.012986141091266924
176.52628070325238,111.39534560464408,0.004030374968004723
176.06256891682614,119.05749094405877,0.010119515216424778
210.44317975023776,130.067966035343,0.011268698307472867
150.71369768322282,123.71408309325994,0.013417846616002389
256.3282514773879,127.4975283829637,0.0006003780743047745
251.62326302755736,110.86596058072776,0.011153504528593417
230.51851327167324,107.48113139695144,0.003533635210644181
209.33833822385392,79.9933735078885,0.008147459507049856
283.82186561376415,111.64195406937232,0.021819362473096807
267.27100230774886,72.8683639075319,0.00843235156913801
220.4126377857236,81.92596278539745,0.010986461328156033
225.36370155536488,62.36301909004722,0.007212884734458394
37.936632996546365,85.63185468861604,0.012491108742483926
232.71828281770289,99.57265411303128,0.012409330308592457
215.36497604383047,84.60053537882716,0.010095738887078761
216.61570059897957,123.93143003328983,0.013329621260272307
212.52464251729384,119.96020219719304,0.014125491323338173
196.49171442706765,119.00615183947151,0.01378394339993491
183.21076503549358,78.55721976028786,0.006452100726254137
255.4351790291454,95.83766285454921,0.010907133100569857
204.329489373645,115.56722152333276,0.005419040422593788
229.1964092662982,77.12547585358676,0.006150019669012714
284.3570817536282,109.81949903276502,0.014450992055623935
133.9771693457862,60.035986309357845,0.009953498394306929
138.1524644560959,101.57270380632181,0.010001035324590986
215.39008844460295,95.22135801660612,0.013522532699123615
294.0578534720295,132.31165647096464,0.005377670059352228
250.7185032509065,94.82190052591845,0.011989635249734044
192.78197940380286,94.95292995747425,0.01462135069768915
164.07778893737822,105.34784628143805,0.009054398046114832
210.6989955367111,143.30004689802166,0.015563441874949627
139.2905693606134,102.83433827279809,0.01660652016136506
223.66188122867723,123.78940977849281,0.007459299011763445
129.90744686038596,74.3401555162286,0.0034558980044044393
259.4508265553776,69.72571214774345,0.009245811442166523
111.06398755478607,129.85377137919045,0.0032446281689598932
209.2316929266152,101.03891771614599,0.01076177436016861
1235.945041672142,454.99871420041865,0.12271240294365889
207.6862552972764,71.19898234811411,0.004640713834799223
274.8022155744592,94.57752797914863,0.0033877102162821497
180.734320156912,144.21046003182704,0.010033999222799989
242.48010485105124,79.70486538614267,0.0031841299770359478
120.27861706028165,76.59773947881281,0.015259738088614593
270.13971554680495,101.53643782120511,0.016803292979193255
224.12362076215928,109.0706860302796,-0.0014809047656861914
254.15256215876386,87.22076504620995,0.005651684593626528
114.83087803224227,100.64008298131533,0.010035315793140882
176.25273444195219,99.60724402146637,0.0019954801076174228
162.57567317217232,96.8294085394606,0.012107933053072279
127.5993049791878,75.31302256240156,0.017814443842540988
164.84117874370563,98.18933435391679,0.003164310967698771
132.00719295100404,127.84930600128658,0.009597001253516195
211.71073662682605,70.8489700107014,0.007345145510940178
182.035395460647,102.17119411553047,0.003519416678750528
174.82621729419003,117.00443484226986,0.007541819071839763
203.6658983594202,92.65944321833355,0.01459227221971207
200.26218498590916,110.82925456409576,0.008080143640238242
227.989522396552,115.998838038841,0.011675290145420588
235.38759677277378,110.26211596352165,0.006516140907852125
223.62987412065215,123.75358776923127,0.01535771576117443
278.8726639881737,65.02936053523638,0.00839378616941044
204.09370696931612,117.06831117560615,0.009044861186999155
283.45107626446963,41.57299033010786,0.0037074754466233277
213.95107628851696,66.75016023928652,0.014070758810591333
151.20633735113336,112.6944293712354,0.012553960442637974
211.10668858168563,97.25102970744616,0.010724439165484457
209.7044996449154,91.78371424090831,0.00036163710327194974
279.65933133196984,109.32859964867053,0.014609007509886262
198.34365135631015,103.37309343933455,0.007544231264289477
171.2181086881113,122.14161338573945,0.004122026971875742
217.08779878885798,87.7319467291812,0.013916952546412977
582.5945962795863,480.5302703883318,0.0726336992233438
158.4524941794481,113.46362702539916,0.004258683556236909
128.49293110196837,105.57988324447604,0.0037121107054269185
253.27401875326757,111.02970752080935,0.010617738479777912
198.36526259529535,86.44569260495788,0.01210486472194695
148.13769228367718,89.42766636500487,0.0053907009343734345
203.01151049705132,122.97531400744207,0.006154288251063509
257.96649016821243,128.24441110830858,0.007713491724566051
202.27859199519068,118.36633212004625,0.0133643061798341
300.5102269383175,80.25640945697631,0.009017667082859514
137.76726483442914,83.9364209863931,0.016223397903683934
96.33048837959252,71.23444043365267,0.0027570429268322797
247.96354130426033,109.73003287652404,0.010170762087440123
575.8599694729868,454.4460473976129,0.12544707000213537
143.86389892188507,96.79734408866719,0.01021757334321733
167.41998261970915,68.58998792753646,0.01295907066870689
254.0390362777311,67.67378783126824,0.011580779785913892
144.47120772670857,91.05356208682498,0.017320886193762187
184.4866621703272,81.92184717070421,0.009669336926870888
188.4532734895661,100.41587415350816,0.015106916477146994
235.5807439044445,99.69380301654009,0.008396661872214042
260.3254483254178,119.38914401053474,0.008201851637737689
284.8228184145019,122.7975712225809,0.01637437520639361
216.13592801690447,121.71791131663156,-0.0030210692831356706
222.19097140731142,71.94789456400613,0.016408218975018846
225.88295102345614,102.52759159092824,0.004551834813288059
193.7106539950176,123.29478708914343,0.013034252966078356
192.09960507105052,79.68356362043207,0.012777563231711243
279.3008408072676,98.23435903297491,0.00909804159118796
243.61603183603393,81.21329212362491,0.013396866414782518
162.0433669223151,102.97334914404223,0.007677978688453062
176.40340671052832,84.92070822266648,0.010112329464060233
1044.1082854027734,532.950873557301,0.1304201245431876
251.59222697343174,95.07875023740102,0.011838246464957108
124.24044689007239,92.70094540914229,0.01080009112926394
129.62681128117225,94.19450911622697,0.0033484318713050513
175.6437308117652,64.78474481688365,0.01670230525895174
135.2460613968192,101.7228776609275,0.010274670554999244
1277.6675556416894,477.04513446396527,0.10186744748553303
278.27620146171705,66.331236155581,0.014757246385290433
202.32182740780743,86.58759581846711,0.0011187683326677415
211.19420121395657,89.4189464530741,0.005742967828698432
171.4626853125262,68.31728113989021,0.007741702619201886
176.8862355647479,63.387342062870864,0.015118547730534906
186.36382151261648,79.80538590580124,0.012164799126803481
214.4584321953909,93.61892128666764,0.011206609674583905
175.61968879637533,113.92774894913431,0.007099733793149785
953.8950749639498,386.9930660959642,0.09526889425562109
238.54325969434834,130.86487056544377,0.017266303316605173
252.6576426666452,104.7673796546957,0.017156833909155917
174.91214782077316,131.47973526580066,0.012565427100486465
225.24936394902286,87.97264712097572,0.01086670832185204
246.20135096034505,123.74772103129501,0.016000394782134306
232.82768043169148,138.28062707733574,0.010967949556837723
161.83704217287416,84.30203373835519,0.0023444624872213894
138.9578175014489,76.83270621614915,0.002485148358024234
241.7846056032571,88.96283708215107,0.018747919521027105
155.52427851872383,122.11051865915968,0.014826987422955854
328.667990162493,90.34512955635935,0.005658536340618168
241.0241090598682,97.42924977122138,0.012975147329177823
223.5707778193202,110.17450046459868,0.0062085896555620496
322.7650069955447,84.07948286393022,0.004244929581902464
292.3318498023833,98.2327408158933,0.011083877818813146
114.87081978810798,106.48718563443207,0.011556543367214425
126.82425259339408,117.67319874973344,0.015350751191582138
183.69882339160793,62.6692676585388,0.0038116878883635106
160.37396307836497,102.1075101229192,0.010823804206182584
168.75907111521605,117.42594594914488,0.005761830356904576
241.47027905917446,92.55586447857894,0.011519092978024378
181.951691709046,100.48438913345517,0.0161871906734207
298.2362566458195,126.56388283698115,0.0048531424590896426
212.72104216506065,99.93251085178096,0.006421200054446241
229.53274153461547,99.33540018711078,0.007719395862629059
225.751763360433,86.23699309644553,0.005496896326760656
133.9883396489679,108.73876339492699,0.010426590712825121
145.94717297958687,81.45293731618852,0.011669299832842674
267.69361870827066,118.68639822478548,0.017007992964732148
198.25057547515192,106.63960661138029,0.01424087106333334
168.1130007874342,121.52014277197196,0.0119316165890578
188.15906966299957,111.27818240104719,0.005028253126957439
188.2923312638332,98.35697643214863,0.009463489279978856
168.65164711061163,114.1890363427808,0.012761499688397616
187.02043243181976,108.73119608315335,0.008914914747878148
196.71248694635062,83.88259867007622,0.00816746489815974
213.998431315991,51.515194794541166,0.012744419176586821
283.27372222312886,105.66575743092284,0.0048373804823623025
228.853606359027,141.23007153272795,0.01147112064506747
190.80083318236603,93.5535906157732,0.005694560449132148
224.4687280613959,120.59921635162323,0.016117844412093137
200.25567283212305,129.53080699451792,0.00918466518028118
178.27518862838423,110.22405199049962,0.011246542978208644
217.37908526808354,130.42632103844903,0.013489516362695138
189.04497355955678,80.81121526553041,0.003094776984231126
146.61897853087027,89.07511103495034,0.013033615295680914
130.07162130904294,104.81506358977137,0.007266599577063673
252.85611131094578,112.8168572253402,0.009853685931575108
199.3251387631033,80.66047713741574,0.007673447716099733
231.0336048775339,136.76367353590246,0.008682758919588755
189.30055778872455,126.80900892046289,0.014269879882761119
217.88936801741417,80.17215301087386,0.011882047630487584
154.02878828830984,107.63870904463107,0.0153010495374944
218.7849009172836,51.52241346742087,0.008569978890599446
326.3466212936811,114.16428846513114,0.014372585370662612
163.48166841414317,103.59788302306957,0.012192378694048637
244.08198784747253,114.69755572099635,0.015176246673618762
231.62038695277604,114.77620961775006,0.01130221131666778
309.4901466608836,75.80610514317785,0.01333156250454606
214.04959338675164,111.37966158370551,0.007853777898506692
258.96485920319134,91.13435497616979,0.0072084912302698475
129.62441526410893,137.4659555243509,0.023103965455149873
224.59595857532528,100.0609204030683,0.014894290253908978
223.9489912873196,133.2251842909574,0.007534385888001141
156.21908733076214,124.76566142867271,0.01103633664699472
240.67586086848348,94.81915708358594,0.009872128439040027
144.68325129969858,141.5052174525053,0.012605612141896691
84.90394176322076,121.45014674619604,0.007258563517546996
197.28525667410938,141.149909394234,0.007176129979145289
204.98256825438207,130.01519581268622,0.011048297076373129
812.6987250420808,488.37709568780417,0.1252741335530934
116.52973594393141,123.93262973291303,0.015236588533107241
249.21611992382918,106.3834902083836,0.01777080210357387
779.5415700327153,426.9043724284527,0.0894204458387197
240.6262911197099,134.719276063305,0.012778022330017243
272.3488942176866,101.50867277803185,0.012499320618701857
113.75410837434836,98.20528611425547,0.0009947113292363054
293.28872555723785,112.2554781012514,0.0076188956322767055
236.92332899977052,104.16765615895105,0.011540252697520511
203.8684153823809,103.62043117407414,0.002517353724549605
159.58508573224242,111.9985745999241,0.012312956464269756
196.35855436715636,75.44784369726015,0.009261098405912643
195.1970050137675,116.94843354300843,0.0052582599788789965
161.35873927312142,127.68545637021036,0.008857000423299908
210.38438435815556,96.62356553619979,0.008779597631628994
166.15389998470206,101.19260739840348,0.005471338495686906
199.1788551963624,98.02823735431477,0.009691179000699355
183.93070791735033,110.15982653825087,0.005230302903016776
169.4241098504026,110.2781569931783,0.010078091669748015
197.15271881394662,110.9346713640276,0.01727911161073383
208.54327190639708,132.30751378938885,0.012048813979797488
165.3545202369673,75.52119466475487,0.006690089111016955
252.45046129184448,106.51592633164333,0.013098557229830683
245.8930973527388,91.41188917749494,0.01830735082864009
200.92169665326966,124.34317041650993,0.017016849850625952
201.76317759858642,111.1246001880132,0.0032366485707823276
160.3563583868828,84.86409822861079,0.011306252656169281
583.1774121002823,508.5209449633901,0.10515505080285502
125.7219813481514,83.13506809367617,-0.0005001325382581207
277.3752600665031,132.2444125651085,0.014476777153812998
206.53702886430457,142.90298255546776,0.012331791872231672
228.03922631841172,56.932197727925704,0.005489742228212448
239.3542301871226,104.34865746359446,0.009313141058003016
179.40615169387664,90.9354390134545,0.017436230776679638
161.08476372988437,91.36759374563903,0.007602535163003783
170.03124885231136,63.9603912483996,0.005009696863427935
164.78281547286204,103.88768603154672,0.006823188055871853
228.8278481527883,141.12414259880643,0.008201156771054572
270.46737200927896,133.90102080861504,0.007471266478690317
171.8766612052866,94.80906644832166,0.012910132835423634
220.20254284072692,86.56753264123897,0.011066468536864693
179.59623134892243,97.56504983233432,0.01443645418633371
171.15481721687985,103.40832444750976,0.01711184930849254
193.08678494144075,107.04110793028593,0.008330902551219951
235.41782236496766,108.48122088928179,0.018129794576810316
878.6269644285649,411.0759171771676,0.11464984205559606
303.77003993227197,96.12681081440564,0.013713412091798612
189.01640560812442,94.8524692515331,0.00514171632729357
153.10874800424386,120.19634178685268,0.018213364766279817
241.12724560515946,99.92794921818863,0.023221716735085177
121.48876400547718,121.71964232350064,0.00018687154163710487
202.42608139724135,125.79505508165491,0.014056982772457961
234.30257299992195,120.79809374792153,0.008064501487627995
173.48711908137795,119.92095371611633,0.016059719926932003
211.20462409052084,78.69772673849255,0.0011070620799674153
248.43224952664445,90.8223147426212,0.013771456649067872
171.81377235980125,56.94218814095034,0.013431592284783505
207.33568432166615,82.67650303570998,0.0010706675403294435
260.06069610819725,98.34638628314602,0.014345780321946366
211.60249686788183,98.02220693617714,0.010521779687616065
163.64314120875656,89.28073109771904,0.011748250236498468
194.26317792665506,73.3194901016359,0.01025443850928009
104.33598776711011,114.18007515177024,0.012504222374722285
201.05019208163796,71.7257100619004,0.011329391148260242
237.8494308322676,97.99691847040094,0.012853064986097656
293.8085419607943,93.95060627023743,0.008742305569777523
200.51165305097936,108.27598194902997,0.010758789961243702
241.1030079997245,148.0683117047655,-0.0021940857913821457
197.52681451737834,62.49655060708511,0.012074327501809552
1153.6414433263474,564.0479795200824,0.1014407372256749
65.15566785292143,112.38308522010395,0.0031119124962288138
204.1141994637712,102.46409613568972,0.007038220221739732
162.18246273578484,96.65756572427178,0.010163984977057932
552.3537533350056,586.9154592496897,0.1052804016266734
167.46787154390864,111.31019291263088,0.018367260451492687
154.0674026757901,98.3378885474261,0.018425071393542547
243.2877597085061,106.39563868285074,0.011219765989542501
98.0937732411073,130.26899486484263,0.006183569479107092
289.7278931758894,108.83881299138818,0.008575622533151646
243.5562351715846,85.66355358794391,0.012411244763403287
187.98373009209325,80.89754841301294,0.003403764027006163
124.25763876570677,114.02345484621796,0.017262337672353727
219.00989255029816,99.61160788224535,0.008352761068264544
190.75489317785053,151.79127284037227,0.0075404877624689745
187.54819802218108,60.67286821247996,0.01724249614946463
143.54741143913856,83.07286690018253,0.011945795978339644
213.52284128899194,97.23088032032453,0.014093888218774303
216.5631715701782,120.9910543063867,0.015280284045330259
282.2483856750642,79.10381611957934,0.015586994079512305
214.48874284482065,77.1662177173299,0.010379776339580437
158.38222134478855,105.34253302022967,0.010975124920140633
162.23085338233386,86.44510058950297,0.0029721649041067897
306.10780985063167,102.44595006064567,0.01010443244147981
188.7111849756732,86.37896685050238,0.01373955128058767
240.67548180003192,81.58652813841267,0.007739548335834599
140.10610537055757,94.98333967089906,0.012043264057403354
151.26591648863393,96.18635198473307,0.014254489810839861
209.9529847786735,100.87622943958219,0.001961694864409707
897.3607270973208,575.0579167521765,0.13494726395831116
242.81993971617362,127.51413626623238,0.011502371798054143
207.51968932381038,93.25828057763921,0.012310304466259483
184.54139382656803,127.47317090325916,0.015225442370423767
263.88384109492546,80.53862118236889,0.01248871544545697
273.9972069445013,123.4694771497065,0.00535244569903795
174.65284123144352,116.76981548903284,0.0021787919414447427
290.62242789984646,91.29027258860313,0.013128154668230006
227.3548690585019,85.89976288483183,0.008434709847384229
172.65705293798038,68.73618382606686,0.010428435807016795
122.46682844669337,93.02695731184282,0.014035612983186552
172.82876144331175,98.44325605974396,0.011276918778371586
160.08513777307732,101.53703765917537,0.006267108267298805
188.27064333124267,127.60182708294903,0.006275486775967755
272.5571803897521,98.59002443881818,0.006621459604191941
216.43755548298424,70.7125023958036,0.012580891435574792
172.3175347326409,93.54640322315728,0.0011188238355084
199.38766135765428,102.67081809564564,0.006576850871199981
184.23653776798272,120.45140864019281,0.01370412172710063
230.70833500217125,101.14026249794169,0.007320992684738511
154.53062726026306,109.54081654446243,0.011386884689790959
322.2875989808413,114.73687794184866,0.009372728699985499
273.2824384460777,102.56208829821578,0.00010350094812106199
173.86384897404804,111.59266346427151,0.0006172364697906302
276.90182832329845,88.52599992122842,-0.004701943173321401
294.3092950605265,99.48891858017109,0.010006027376811121
272.06366445330576,76.24803161940974,0.01493667258294551
210.14615104256498,90.3387789663312,0.013147647921109054
203.70473902098877,105.98585160812983,0.012876025080532831
182.86427417366153,109.88060372565478,0.006037900395000194
